{
  "properties": {
    "connectionReferences": {
      "shared_office365": {
        "runtimeSource": "invoker",
        "connection": {
          "connectionReferenceLogicalName": "curso_sharedoffice365_02ec5"
        },
        "api": {
          "name": "shared_office365"
        }
      }
    },
    "definition": {
      "$schema": "https://schema.management.azure.com/providers/Microsoft.Logic/schemas/2016-06-01/workflowdefinition.json#",
      "contentVersion": "1.0.0.0",
      "parameters": {
        "$connections": {
          "defaultValue": {},
          "type": "Object"
        },
        "$authentication": {
          "defaultValue": {},
          "type": "SecureObject"
        }
      },
      "triggers": {
        "manual": {
          "metadata": {
            "operationMetadataId": "381dab66-86e7-4aa3-b2c0-503c92b6d0d4"
          },
          "type": "Request",
          "kind": "PowerAppV2",
          "inputs": {
            "schema": {
              "type": "object",
              "properties": {
                "text": {
                  "title": "MyEntrada",
                  "type": "string",
                  "x-ms-dynamically-added": true,
                  "description": "Introduzir os dados introduzidos",
                  "x-ms-content-hint": "TEXT"
                }
              },
              "required": [
                "text"
              ]
            }
          }
        }
      },
      "actions": {
        "Compor": {
          "runAfter": {},
          "metadata": {
            "operationMetadataId": "59499c1a-4474-4f6f-8630-e41eae18eb6b"
          },
          "type": "Compose",
          "inputs": "@triggerBody()['text']"
        },
        "Enviar_um_e-mail_(V2)": {
          "runAfter": {
            "Compor": [
              "Succeeded"
            ]
          },
          "metadata": {
            "operationMetadataId": "85d26bcd-b1af-4639-9dcc-dddd1a30d5c8"
          },
          "type": "OpenApiConnection",
          "inputs": {
            "host": {
              "connectionName": "shared_office365",
              "operationId": "SendEmailV2",
              "apiId": "/providers/Microsoft.PowerApps/apis/shared_office365"
            },
            "parameters": {
              "emailMessage/To": "ca.rodrigues02@outlook.com",
              "emailMessage/Subject": "Novo Curso Habilitado",
              "emailMessage/Body": "<p>@{outputs('Compor')}</p>",
              "emailMessage/Importance": "Normal"
            },
            "authentication": "@parameters('$authentication')"
          }
        }
      }
    },
    "templateName": null
  },
  "schemaVersion": "1.0.0.0"
}